,S BET(m2/g),Vtotal (cm3/g),Vmicro (cm3/g),T(oC),P(bar),CO2uptake (mmol/g)
0,798.0,0.18,0.42,25.0,5.0,2.0
1,241.0,1.01,0.09,25.0,5.0,0.7
2,448.0,1.09,0.21,25.0,5.0,0.9
3,826.0,0.91,0.39,25.0,5.0,1.8
4,895.0,0.9,0.4,25.0,5.0,2.8
5,862.0,0.91,0.39,25.0,5.0,2.1
6,678.0,1.1,0.3,25.0,5.0,2.3
7,304.0,1.06,0.14,25.0,5.0,0.9
8,500.0,0.77,0.23,25.0,5.0,2.2
9,931.0,1.01,0.39,25.0,5.0,3.0
10,675.0,1.13,0.27,25.0,5.0,1.8
11,427.0,0.94,0.16,25.0,5.0,1.4
12,451.0,0.61,0.06,25.0,5.0,2.3
13,862.0,0.91,0.39,25.0,5.0,2.1
14,798.0,0.18,0.42,25.0,10.0,2.0
15,895.0,0.9,0.4,25.0,10.0,3.1
16,862.0,0.91,0.39,25.0,10.0,2.8
17,678.0,1.1,0.3,25.0,10.0,2.9
18,931.0,1.01,0.39,25.0,10.0,3.3
19,675.0,1.13,0.27,25.0,5.0,2.3
20,427.0,0.94,0.16,25.0,5.0,1.8
21,887.0,0.075,0.34700000000000003,25.0,0.04,0.35
22,887.0,0.075,0.34700000000000003,25.0,0.1,0.7
23,887.0,0.075,0.34700000000000003,25.0,0.175,1.05
24,887.0,0.075,0.34700000000000003,25.0,0.35,1.6
25,887.0,0.075,0.34700000000000003,25.0,0.53,1.9
26,887.0,0.075,0.34700000000000003,25.0,0.7,2.21
27,887.0,0.075,0.34700000000000003,25.0,0.87,2.35
28,887.0,0.075,0.34700000000000003,25.0,1.0,2.6
29,618.0,1.115,0.217,25.0,0.04,0.35
30,618.0,1.115,0.217,25.0,0.1,0.7
31,618.0,1.115,0.217,25.0,0.175,1.05
32,618.0,1.115,0.217,25.0,0.35,1.5
33,618.0,1.115,0.217,25.0,0.53,1.8
34,618.0,1.115,0.217,25.0,0.7,2.1
35,618.0,1.115,0.217,25.0,0.87,2.25
36,618.0,1.115,0.217,25.0,1.0,2.4
37,2073.0,0.138,0.0,0.0,1.0,7.17
38,2073.0,0.138,25.0,25.0,1.0,4.21
39,2073.0,0.138,1.0,1.0,1.0,2.47
40,2073.0,0.138,0.731,0.0,10.0,16.44
41,2073.0,0.138,0.731,25.0,10.0,12.74
42,2073.0,0.138,0.731,0.0,9.0,15.2
43,2073.0,0.138,0.731,0.0,8.0,15.5
44,2073.0,0.138,0.731,0.0,7.0,15.2
45,2073.0,0.138,0.731,0.0,6.0,15.0
46,2073.0,0.138,0.731,0.0,5.0,14.2
47,2073.0,0.138,0.731,0.0,4.0,13.0
48,2073.0,0.138,0.731,0.0,3.0,12.0
49,2073.0,0.138,0.731,0.0,2.0,10.4
50,2073.0,0.138,0.731,0.0,0.9,6.5
51,2073.0,0.138,0.731,0.0,0.8,6.0
52,2073.0,0.138,0.731,0.0,0.7,5.7
53,2073.0,0.138,0.731,0.0,0.6,5.2
54,2073.0,0.138,0.731,0.0,0.5,4.8
55,2073.0,0.138,0.731,0.0,0.4,4.1
56,2073.0,0.138,0.731,0.0,0.3,3.4
57,2073.0,0.138,0.731,0.0,0.2,2.6
58,2073.0,0.138,0.731,0.0,0.1,1.5
59,2073.0,0.138,0.731,25.0,0.1,0.7
60,2073.0,0.138,0.731,25.0,0.2,1.3
61,2073.0,0.138,0.731,25.0,0.3,1.75
62,2073.0,0.138,0.731,25.0,0.4,2.25
63,2073.0,0.138,0.731,25.0,0.5,2.5
64,2073.0,0.138,0.731,25.0,0.6,3.0
65,2073.0,0.138,0.731,25.0,0.7,3.25
66,2073.0,0.138,0.731,25.0,0.8,3.6
67,2073.0,0.138,0.731,25.0,0.9,3.7
68,2073.0,0.138,0.731,25.0,1.0,4.0
69,2073.0,0.138,0.731,25.0,2.0,6.8
70,2073.0,0.138,0.731,25.0,3.0,8.0
71,2073.0,0.138,0.731,25.0,4.0,8.8
72,2073.0,0.138,0.731,25.0,5.0,10.2
73,2073.0,0.138,0.731,25.0,6.0,11.0
74,2073.0,0.138,0.731,25.0,7.0,11.5
75,2073.0,0.138,0.731,25.0,8.0,12.0
76,2073.0,0.138,0.731,25.0,9.0,12.5
77,2073.0,0.138,0.731,25.0,10.0,12.6
78,2785.0,0.644,0.716,0.0,1.0,5.09
79,2785.0,0.644,0.716,25.0,1.0,2.81
80,2785.0,0.644,0.716,50.0,1.0,1.52
81,2785.0,0.644,0.716,0.0,10.0,23.27
82,2785.0,0.644,0.716,0.0,0.1,0.9
83,2785.0,0.644,0.716,0.0,0.2,1.5
84,2785.0,0.644,0.716,0.0,0.3,2.1
85,2785.0,0.644,0.716,0.0,0.4,2.5
86,2785.0,0.644,0.716,0.0,0.5,3.0
87,2785.0,0.644,0.716,0.0,0.6,3.5
88,2785.0,0.644,0.716,0.0,0.7,3.9
89,2785.0,0.644,0.716,0.0,0.8,4.2
90,2785.0,0.644,0.716,0.0,0.9,4.5
91,2785.0,0.644,0.716,0.0,2.0,9.6
92,2785.0,0.644,0.716,0.0,3.0,12.3
93,2785.0,0.644,0.716,0.0,4.0,14.0
94,2785.0,0.644,0.716,0.0,5.0,17.0
95,2785.0,0.644,0.716,0.0,6.0,18.5
96,2785.0,0.644,0.716,0.0,7.0,20.0
97,2785.0,0.644,0.716,0.0,8.0,21.3
98,2785.0,0.644,0.716,0.0,9.0,22.0
99,2785.0,0.644,0.716,25.0,0.1,0.4
100,2785.0,0.644,0.716,25.0,0.2,0.7
101,2785.0,0.644,0.716,25.0,0.3,1.1
102,2785.0,0.644,0.716,25.0,0.4,1.35
103,2785.0,0.644,0.716,25.0,0.5,1.6
104,2785.0,0.644,0.716,25.0,0.6,1.75
105,2785.0,0.644,0.716,25.0,0.7,2.0
106,2785.0,0.644,0.716,25.0,0.8,2.3
107,2785.0,0.644,0.716,25.0,0.9,2.5
108,2785.0,0.644,0.716,25.0,2.0,6.0
109,2785.0,0.644,0.716,25.0,3.0,7.5
110,2785.0,0.644,0.716,25.0,4.0,9.0
111,2785.0,0.644,0.716,25.0,5.0,11.0
112,2785.0,0.644,0.716,25.0,6.0,12.5
113,2785.0,0.644,0.716,25.0,7.0,13.0
114,2785.0,0.644,0.716,25.0,8.0,14.0
115,2785.0,0.644,0.716,25.0,9.0,15.5
116,2785.0,0.644,0.716,25.0,10.0,16.05
117,1624.0,0.073,0.589,0.0,6.0,12.0
118,1624.0,0.073,0.589,0.0,8.0,12.8
119,1624.0,0.073,0.589,0.0,3.0,10.5
120,1624.0,0.073,0.589,0.0,0.1,2.0
121,1624.0,0.073,0.589,0.0,0.3,3.7
122,1624.0,0.073,0.589,0.0,0.4,4.5
123,1624.0,0.073,0.589,0.0,0.6,5.6
124,1624.0,0.073,0.589,0.0,0.7,6.2
125,1624.0,0.073,0.589,0.0,0.9,7.0
126,1624.0,0.073,0.589,0.0,0.5,5.1
127,1624.0,0.073,0.589,0.0,0.8,6.5
128,1624.0,0.073,0.589,0.0,0.2,3.0
129,1624.0,0.073,0.589,0.0,2.0,8.5
130,1624.0,0.073,0.589,25.0,0.1,1.0
131,1624.0,0.073,0.589,25.0,0.2,1.6
132,1624.0,0.073,0.589,25.0,0.3,2.25
133,1624.0,0.073,0.589,25.0,0.4,2.6
134,1624.0,0.073,0.589,25.0,0.5,3.01
135,1624.0,0.073,0.589,25.0,0.6,3.4
136,1624.0,0.073,0.589,25.0,0.7,3.75
137,1624.0,0.073,0.589,25.0,0.8,4.05
138,1624.0,0.073,0.589,25.0,0.9,4.2
139,1624.0,0.073,0.589,25.0,2.0,6.25
140,1624.0,0.073,0.589,25.0,3.0,7.5
141,1624.0,0.073,0.589,25.0,4.0,8.75
142,1624.0,0.073,0.589,25.0,5.0,9.0
143,1624.0,0.073,0.589,25.0,6.0,10.0
144,1624.0,0.073,0.589,25.0,7.0,10.7
145,1624.0,0.073,0.589,25.0,8.0,11.0
146,1624.0,0.073,0.589,25.0,9.0,11.2
147,1624.0,0.073,0.589,25.0,10.0,11.5
148,2620.0,0.43200000000000005,0.7929999999999999,0.0,1.0,6.89
149,2620.0,0.43200000000000005,0.7929999999999999,25.0,1.0,4.0
150,2620.0,0.43200000000000005,0.7929999999999999,50.0,1.0,2.38
151,2620.0,0.43200000000000005,0.7929999999999999,0.0,10.0,23.26
152,2620.0,0.43200000000000005,0.7929999999999999,25.0,10.0,16.81
153,2620.0,0.43200000000000005,0.7929999999999999,0.0,0.1,1.4
154,2620.0,0.43200000000000005,0.7929999999999999,0.0,0.2,2.2
155,2620.0,0.43200000000000005,0.7929999999999999,0.0,0.3,3.0
156,2620.0,0.43200000000000005,0.7929999999999999,0.0,0.4,3.4
157,2620.0,0.43200000000000005,0.7929999999999999,0.0,0.5,4.2
158,2620.0,0.43200000000000005,0.7929999999999999,0.0,0.6,4.7
159,2620.0,0.43200000000000005,0.7929999999999999,0.0,0.7,5.4
160,2620.0,0.43200000000000005,0.7929999999999999,0.0,0.8,5.7
161,2620.0,0.43200000000000005,0.7929999999999999,0.0,1.0,6.89
162,2620.0,0.43200000000000005,0.7929999999999999,25.0,1.0,4.0
163,2620.0,0.43200000000000005,0.7929999999999999,50.0,1.0,2.38
164,2620.0,0.43200000000000005,0.7929999999999999,0.0,10.0,23.26
165,2620.0,0.43200000000000005,0.7929999999999999,25.0,10.0,16.81
166,2620.0,0.43200000000000005,0.7929999999999999,0.0,0.1,1.4
167,2620.0,0.43200000000000005,0.7929999999999999,0.0,0.2,2.2
168,2620.0,0.43200000000000005,0.7929999999999999,0.0,0.3,3.0
169,2620.0,0.43200000000000005,0.7929999999999999,0.0,0.4,3.4
170,2620.0,0.43200000000000005,0.7929999999999999,0.0,0.5,4.2
171,2620.0,0.43200000000000005,0.7929999999999999,0.0,0.6,4.7
172,2620.0,0.43200000000000005,0.7929999999999999,0.0,0.7,5.4
173,2620.0,0.43200000000000005,0.7929999999999999,0.0,0.8,5.7
174,2620.0,0.43200000000000005,0.7929999999999999,0.0,0.9,6.4
175,2620.0,0.43200000000000005,0.7929999999999999,0.0,2.0,11.0
176,2620.0,0.43200000000000005,0.7929999999999999,0.0,3.0,13.2
177,2620.0,0.43200000000000005,0.7929999999999999,0.0,4.0,16.2
178,2620.0,0.43200000000000005,0.7929999999999999,0.0,5.0,18.0
179,2620.0,0.43200000000000005,0.7929999999999999,0.0,6.0,19.0
180,2620.0,0.43200000000000005,0.7929999999999999,0.0,7.0,20.5
181,2620.0,0.43200000000000005,0.7929999999999999,0.0,8.0,21.5
182,2620.0,0.43200000000000005,0.7929999999999999,0.0,9.0,22.5
183,2620.0,0.43200000000000005,0.7929999999999999,0.0,10.0,23.0
184,2620.0,0.43200000000000005,0.7929999999999999,25.0,0.1,0.75
185,2620.0,0.43200000000000005,0.7929999999999999,25.0,0.2,1.25
186,2620.0,0.43200000000000005,0.7929999999999999,25.0,0.3,1.6
187,2620.0,0.43200000000000005,0.7929999999999999,25.0,0.4,2.1
188,2620.0,0.43200000000000005,0.7929999999999999,25.0,0.5,2.5
189,2620.0,0.43200000000000005,0.7929999999999999,25.0,0.6,2.7
190,2620.0,0.43200000000000005,0.7929999999999999,25.0,0.7,3.1
191,2620.0,0.43200000000000005,0.7929999999999999,25.0,0.8,3.48
192,2620.0,0.43200000000000005,0.7929999999999999,25.0,0.9,3.7
193,2620.0,0.43200000000000005,0.7929999999999999,25.0,2.0,7.0
194,2620.0,0.43200000000000005,0.7929999999999999,25.0,3.0,9.0
195,2620.0,0.43200000000000005,0.7929999999999999,25.0,4.0,10.6
196,2620.0,0.43200000000000005,0.7929999999999999,25.0,5.0,12.0
197,2620.0,0.43200000000000005,0.7929999999999999,25.0,6.0,13.0
198,2620.0,0.43200000000000005,0.7929999999999999,25.0,7.0,14.5
199,2620.0,0.43200000000000005,0.7929999999999999,25.0,8.0,15.5
200,2620.0,0.43200000000000005,0.7929999999999999,25.0,9.0,16.25
201,2620.0,0.43200000000000005,0.7929999999999999,25.0,10.0,17.0
202,2162.0,0.207,0.917,25.0,0.2,1.13
203,2162.0,0.207,0.917,25.0,0.3,1.6
204,2162.0,0.207,0.917,25.0,0.5,2.6
205,2162.0,0.207,0.917,25.0,0.8,3.5
206,2162.0,0.207,0.917,25.0,1.0,4.1
207,2162.0,0.207,0.917,25.0,0.1,0.69
208,2162.0,0.207,0.917,25.0,0.4,2.27
209,2162.0,0.207,0.917,25.0,0.6,2.82
210,2162.0,0.207,0.917,25.0,0.7,3.3
211,2162.0,0.207,0.917,25.0,0.9,3.98
212,2180.0,0.075,0.9279999999999999,25.0,0.2,2.0
213,2180.0,0.075,0.9279999999999999,25.0,0.4,3.18
214,2180.0,0.075,0.9279999999999999,25.0,0.6,4.06
215,2180.0,0.075,0.9279999999999999,25.0,0.8,4.77
216,2180.0,0.075,0.9279999999999999,25.0,1.0,5.56
217,2180.0,0.075,0.9279999999999999,25.0,0.1,1.14
218,2620.0,0.43200000000000005,0.7929999999999999,0.0,0.9,6.4
219,2620.0,0.43200000000000005,0.7929999999999999,0.0,2.0,11.0
220,2620.0,0.43200000000000005,0.7929999999999999,0.0,3.0,13.2
221,2620.0,0.43200000000000005,0.7929999999999999,0.0,4.0,16.2
222,2620.0,0.43200000000000005,0.7929999999999999,0.0,5.0,18.0
223,2620.0,0.43200000000000005,0.7929999999999999,0.0,6.0,19.0
224,2620.0,0.43200000000000005,0.7929999999999999,0.0,7.0,20.5
225,2620.0,0.43200000000000005,0.7929999999999999,0.0,8.0,21.5
226,2620.0,0.43200000000000005,0.7929999999999999,0.0,9.0,22.5
227,2620.0,0.43200000000000005,0.7929999999999999,0.0,10.0,23.0
228,2620.0,0.43200000000000005,0.7929999999999999,25.0,0.1,0.75
229,2620.0,0.43200000000000005,0.7929999999999999,25.0,0.2,1.25
230,2620.0,0.43200000000000005,0.7929999999999999,25.0,0.3,1.6
231,2620.0,0.43200000000000005,0.7929999999999999,25.0,0.4,2.1
232,2620.0,0.43200000000000005,0.7929999999999999,25.0,0.5,2.5
233,2620.0,0.43200000000000005,0.7929999999999999,25.0,0.6,2.7
234,2620.0,0.43200000000000005,0.7929999999999999,25.0,0.7,3.1
235,2620.0,0.43200000000000005,0.7929999999999999,25.0,0.8,3.48
236,2620.0,0.43200000000000005,0.7929999999999999,25.0,0.9,3.7
237,2620.0,0.43200000000000005,0.7929999999999999,25.0,2.0,7.0
238,2620.0,0.43200000000000005,0.7929999999999999,25.0,3.0,9.0
239,2620.0,0.43200000000000005,0.7929999999999999,25.0,4.0,10.6
240,2620.0,0.43200000000000005,0.7929999999999999,25.0,5.0,12.0
241,2620.0,0.43200000000000005,0.7929999999999999,25.0,6.0,13.0
242,2620.0,0.43200000000000005,0.7929999999999999,25.0,7.0,14.5
243,2620.0,0.43200000000000005,0.7929999999999999,25.0,8.0,15.5
244,2620.0,0.43200000000000005,0.7929999999999999,25.0,9.0,16.25
245,2620.0,0.43200000000000005,0.7929999999999999,25.0,10.0,17.0
246,2180.0,0.075,0.9279999999999999,25.0,0.3,2.5
247,2180.0,0.075,0.9279999999999999,25.0,0.5,3.57
248,2318.0,0.091,0.99,25.0,1.0,3.9
249,2318.0,0.091,0.99,25.0,0.8,3.3
250,2318.0,0.091,0.99,25.0,0.5,2.4
251,2318.0,0.091,0.99,25.0,0.3,1.59
252,2318.0,0.091,0.99,25.0,0.2,1.13
253,2318.0,0.091,0.99,25.0,0.1,0.68
254,2318.0,0.091,0.99,25.0,0.4,2.17
255,2318.0,0.091,0.99,25.0,0.6,2.79
256,2318.0,0.091,0.99,25.0,0.7,3.18
257,2318.0,0.091,0.99,25.0,0.9,3.88
258,2350.0,0.72,0.79,0.0,1.0,3.8
259,2350.0,0.72,0.79,25.0,1.0,2.2
260,2350.0,0.72,0.79,50.0,1.0,1.6
261,2350.0,0.72,0.79,25.0,0.1,0.35
262,2350.0,0.72,0.79,25.0,0.2,0.65
263,2350.0,0.72,0.79,25.0,0.4,1.1
264,2350.0,0.72,0.79,25.0,0.6,1.47
265,2350.0,0.72,0.79,25.0,0.8,1.79
266,970.0,0.69,0.12,0.0,1.0,3.2
267,970.0,0.69,0.12,25.0,1.0,2.4
268,970.0,0.69,0.12,25.0,0.1,0.5
269,970.0,0.69,0.12,25.0,0.2,0.8
270,970.0,0.69,0.12,25.0,0.4,1.37
271,970.0,0.69,0.12,25.0,0.5,1.6
272,970.0,0.69,0.12,25.0,0.6,1.75
273,970.0,0.69,0.12,25.0,0.7,1.85
274,970.0,0.69,0.12,25.0,0.8,2.13
275,970.0,0.69,0.12,25.0,0.9,2.28
276,1200.0,0.2,0.48,0.0,1.0,4.3
277,1200.0,0.2,0.48,25.0,1.0,2.9
278,1200.0,0.2,0.48,50.0,1.0,2.1
279,1200.0,0.2,0.48,0.0,0.2,1.9
280,1200.0,0.2,0.48,0.0,0.4,2.75
281,1200.0,0.2,0.48,0.0,0.6,3.35
282,1200.0,0.2,0.48,0.0,0.8,3.9
283,1200.0,0.2,0.48,25.0,0.2,1.15
284,1200.0,0.2,0.48,25.0,0.4,1.6
285,1200.0,0.2,0.48,25.0,0.6,2.1
286,1200.0,0.2,0.48,25.0,0.8,2.51
287,1200.0,0.2,0.48,50.0,0.2,0.6
288,1200.0,0.2,0.48,50.0,0.4,1.1
289,1200.0,0.2,0.48,50.0,0.6,1.45
290,1200.0,0.2,0.48,50.0,0.8,1.75
291,1330.0,0.19,0.54,0.0,1.0,5.8
292,1330.0,0.19,0.54,25.0,1.0,3.3
293,1330.0,0.19,0.54,50.0,1.0,2.2
294,1330.0,0.19,0.54,25.0,0.1,0.75
295,1330.0,0.19,0.54,25.0,0.3,1.54
296,1330.0,0.19,0.54,25.0,0.5,2.14
297,1330.0,0.19,0.54,25.0,0.6,2.43
298,1330.0,0.19,0.54,25.0,0.7,2.6
299,1330.0,0.19,0.54,25.0,0.9,3.18
300,1330.0,0.19,0.54,0.0,0.2,2.25
301,1330.0,0.19,0.54,0.0,0.4,3.25
302,1330.0,0.19,0.54,0.0,0.6,3.9
303,1330.0,0.19,0.54,0.0,0.8,4.55
304,1330.0,0.19,0.54,25.0,0.2,1.25
305,1330.0,0.19,0.54,25.0,0.4,1.85
306,1330.0,0.19,0.54,25.0,0.6,2.45
307,1330.0,0.19,0.54,25.0,0.8,2.9
308,1330.0,0.19,0.54,50.0,0.2,0.65
309,1330.0,0.19,0.54,50.0,0.4,1.15
310,1330.0,0.19,0.54,50.0,0.6,1.52
311,1330.0,0.19,0.54,50.0,0.8,1.88
312,1570.0,0.18,0.65,0.0,1.0,4.9
313,1570.0,0.18,0.65,25.0,1.0,3.2
314,1570.0,0.18,0.65,50.0,1.0,2.1
315,1570.0,0.18,0.65,0.0,0.2,1.8
316,1570.0,0.18,0.65,0.0,0.4,2.8
317,1570.0,0.18,0.65,0.0,0.6,3.76
318,1570.0,0.18,0.65,0.0,0.8,4.5
319,1570.0,0.18,0.65,25.0,0.2,1.0
320,1570.0,0.18,0.65,25.0,0.4,1.7
321,1570.0,0.18,0.65,25.0,0.6,2.3
322,1570.0,0.18,0.65,25.0,0.8,2.8
323,1570.0,0.18,0.65,50.0,0.2,0.2
324,1570.0,0.18,0.65,50.0,0.4,0.95
325,1570.0,0.18,0.65,50.0,0.6,1.3
326,1570.0,0.18,0.65,50.0,0.8,1.8
327,1820.0,0.2,0.75,0.0,1.0,5.4
328,1820.0,0.2,0.75,25.0,1.0,3.4
329,1820.0,0.2,0.75,50.0,1.0,2.1
330,1820.0,0.2,0.75,50.0,0.4,0.8
331,1820.0,0.2,0.75,25.0,0.4,1.3
332,1820.0,0.2,0.75,0.0,0.4,3.2
333,1820.0,0.2,0.75,50.0,0.8,1.7
334,1820.0,0.2,0.75,25.0,0.8,2.7
335,1820.0,0.2,0.75,0.0,0.8,4.7
336,2310.0,0.28,0.96,0.0,1.0,5.6
337,2310.0,0.28,0.96,25.0,1.0,3.1
338,2310.0,0.28,0.96,50.0,1.0,1.9
339,1390.0,0.29,0.48,0.0,1.0,4.9
340,1390.0,0.29,0.48,25.0,1.0,3.0
341,1390.0,0.29,0.48,50.0,1.0,2.6
342,1545.0,0.22,0.59,0.0,1.0,5.0
343,1545.0,0.22,0.59,25.0,1.0,3.0
344,1545.0,0.22,0.59,50.0,1.0,2.0
345,1450.0,0.23,0.58,0.0,1.0,5.2
346,1450.0,0.23,0.58,25.0,1.0,3.2
347,1450.0,0.23,0.58,50.0,1.0,2.0
348,1450.0,0.23,0.58,25.0,0.1,0.75
349,1450.0,0.23,0.58,25.0,0.3,1.48
350,1450.0,0.23,0.58,25.0,0.5,2.04
351,1450.0,0.23,0.58,25.0,0.6,2.33
352,1450.0,0.23,0.58,25.0,0.7,2.5
353,1450.0,0.23,0.58,25.0,0.9,3.1
354,1870.0,0.16,0.77,0.0,1.0,5.3
355,1870.0,0.16,0.77,25.0,1.0,3.2
356,1870.0,0.16,0.77,50.0,1.0,2.0
357,2660.0,0.35,1.03,0.0,1.0,5.4
358,2660.0,0.35,1.03,25.0,1.0,3.1
359,2660.0,0.35,1.03,50.0,1.0,2.0
360,2660.0,0.35,1.03,50.0,0.4,0.8
361,2660.0,0.35,1.03,25.0,0.4,1.5
362,2660.0,0.35,1.03,0.0,0.4,3.0
363,2660.0,0.35,1.03,50.0,0.8,1.6
364,2660.0,0.35,1.03,25.0,0.8,2.6
365,2660.0,0.35,1.03,0.0,0.8,4.7
366,2190.0,0.09,0.92,0.0,1.0,5.6
367,2190.0,0.09,0.92,25.0,1.0,3.5
368,2190.0,0.09,0.92,50.0,1.0,2.2
369,2190.0,0.09,0.92,25.0,0.3,2.4
370,2190.0,0.09,0.92,25.0,0.6,4.0
371,2190.0,0.09,0.92,25.0,0.9,5.3
372,2370.0,0.12,0.96,0.0,1.0,5.8
373,2370.0,0.12,0.96,25.0,1.0,3.5
374,2370.0,0.12,0.96,50.0,1.0,1.8
375,2370.0,0.12,0.96,25.0,0.3,2.5
376,2370.0,0.12,0.96,25.0,0.6,4.1
377,2370.0,0.12,0.96,25.0,0.9,5.5
378,2370.0,0.24,0.91,0.0,1.0,5.2
379,2370.0,0.24,0.91,25.0,1.0,2.9
380,2250.0,0.12,0.91,0.0,1.0,5.5
381,2250.0,0.12,0.91,25.0,1.0,2.9
382,2250.0,0.12,0.91,50.0,1.0,1.8
383,2250.0,0.12,0.91,25.0,0.3,2.3
384,2250.0,0.12,0.91,25.0,0.6,3.95
385,2250.0,0.12,0.91,25.0,0.9,5.2
386,2850.0,0.12,1.23,0.0,1.0,5.2
387,2850.0,0.12,1.23,25.0,1.0,3.0
388,1260.0,0.07,0.55,0.0,1.0,6.1
389,1260.0,0.07,0.55,25.0,1.0,4.8
390,1260.0,0.07,0.55,50.0,1.0,3.6
391,1260.0,0.07,0.55,50.0,0.4,1.7
392,1260.0,0.07,0.55,25.0,0.4,2.5
393,1260.0,0.07,0.55,0.0,0.4,3.75
394,1260.0,0.07,0.55,50.0,0.8,3.0
395,1260.0,0.07,0.55,25.0,0.8,4.1
396,1260.0,0.07,0.55,0.0,0.8,5.6
397,1380.0,0.06,0.61,0.0,1.0,6.0
398,1380.0,0.06,0.61,25.0,1.0,4.7
399,1380.0,0.06,0.61,50.0,1.0,3.3
400,1380.0,0.06,0.61,50.0,0.4,1.5
401,1380.0,0.06,0.61,25.0,0.4,2.4
402,1380.0,0.06,0.61,0.0,0.4,3.6
403,1380.0,0.06,0.61,50.0,0.8,2.75
404,1380.0,0.06,0.61,25.0,0.8,4.0
405,1380.0,0.06,0.61,0.0,0.8,5.5
406,1390.0,0.07,0.62,0.0,1.0,6.6
407,1390.0,0.07,0.62,25.0,1.0,4.3
408,1390.0,0.07,0.62,50.0,1.0,2.6
409,1390.0,0.07,0.62,50.0,0.4,1.25
410,1390.0,0.07,0.62,25.0,0.4,2.25
411,1390.0,0.07,0.62,0.0,0.4,3.7
412,1390.0,0.07,0.62,50.0,0.8,2.2
413,1390.0,0.07,0.62,25.0,0.8,3.75
414,1390.0,0.07,0.62,0.0,0.8,5.7
415,1940.0,0.15,0.82,0.0,1.0,5.8
416,1940.0,0.15,0.82,25.0,1.0,3.9
417,1940.0,0.15,0.82,50.0,1.0,3.1
418,1940.0,0.15,0.82,50.0,0.4,1.25
419,1940.0,0.15,0.82,25.0,0.4,2.0
420,1940.0,0.15,0.82,0.0,0.4,3.2
421,1940.0,0.15,0.82,50.0,0.8,2.5
422,1940.0,0.15,0.82,25.0,0.8,3.25
423,1940.0,0.15,0.82,0.0,0.8,5.07
424,3100.0,0.12,1.45,0.0,1.0,5.3629999999999995
425,3100.0,0.12,1.45,25.0,1.0,2.977
426,3100.0,0.12,1.45,50.0,1.0,1.795
427,2450.0,0.09,1.03,0.0,1.0,8.63
428,2450.0,0.09,1.03,25.0,1.0,4.2
429,2450.0,0.09,1.03,50.0,1.0,2.34
430,2720.0,0.01,1.21,0.0,1.0,5.045
431,2720.0,0.01,1.21,25.0,1.0,3.0
432,2720.0,0.01,1.21,50.0,1.0,1.75
433,2895.0,0.14,1.28,0.0,1.0,5.5
434,2895.0,0.14,1.28,25.0,1.0,4.59
435,2895.0,0.14,1.28,50.0,1.0,1.9769999999999999
436,2595.0,0.0,1.16,0.0,1.0,6.82
437,2595.0,0.0,1.16,25.0,1.0,3.795
438,2595.0,0.0,1.16,50.0,1.0,2.295
439,2445.0,0.05,1.09,0.0,1.0,6.18
440,2445.0,0.05,1.09,25.0,1.0,3.27
441,2445.0,0.05,1.09,50.0,1.0,1.95
442,2660.0,0.0,1.16,0.0,1.0,6.545
443,2660.0,0.0,1.16,25.0,1.0,4.7
444,2660.0,0.0,1.16,50.0,1.0,2.886
445,2895.0,0.14,1.28,50.0,1.0,1.9769999999999999
446,2595.0,0.0,1.16,0.0,1.0,6.82
447,2595.0,0.0,1.16,25.0,1.0,3.795
448,2595.0,0.0,1.16,50.0,1.0,2.295
449,2445.0,0.05,1.09,0.0,1.0,6.18
450,2445.0,0.05,1.09,25.0,1.0,3.27
451,2445.0,0.05,1.09,50.0,1.0,1.95
452,2660.0,0.0,1.16,0.0,1.0,6.545
453,2660.0,0.0,1.16,25.0,1.0,4.7
454,2660.0,0.0,1.16,50.0,1.0,2.886
455,1023.0,0.011000000000000001,0.40299999999999997,0.0,1.0,5.39
456,1023.0,0.011000000000000001,0.40299999999999997,25.0,1.0,3.6
457,1023.0,0.011000000000000001,0.40299999999999997,50.0,1.0,2.33
458,1179.0,0.039,0.461,0.0,1.0,5.8
459,1179.0,0.039,0.461,25.0,1.0,3.68
460,1179.0,0.039,0.461,50.0,1.0,2.36
461,1479.0,0.037000000000000005,0.585,0.0,1.0,6.05
462,1479.0,0.037000000000000005,0.585,25.0,1.0,3.84
463,1479.0,0.037000000000000005,0.585,50.0,1.0,2.3
464,1479.0,0.037000000000000005,0.585,0.0,0.2,2.55
465,1479.0,0.037000000000000005,0.585,25.0,0.2,1.45
466,1479.0,0.037000000000000005,0.585,50.0,0.2,0.75
467,1479.0,0.037000000000000005,0.585,0.0,0.4,3.8
468,1479.0,0.037000000000000005,0.585,25.0,0.4,2.2
469,1479.0,0.037000000000000005,0.585,50.0,0.4,1.25
470,1479.0,0.037000000000000005,0.585,0.0,0.6,4.75
471,1479.0,0.037000000000000005,0.585,25.0,0.6,2.8
472,1479.0,0.037000000000000005,0.585,50.0,0.6,1.7
473,1479.0,0.037000000000000005,0.585,0.0,0.8,5.5
474,1479.0,0.037000000000000005,0.585,25.0,0.8,3.3
475,1479.0,0.037000000000000005,0.585,50.0,0.8,2.0
476,1735.0,0.161,0.659,0.0,1.0,5.61
477,1735.0,0.161,0.659,25.0,1.0,3.51
478,1735.0,0.161,0.659,50.0,1.0,2.04
479,2307.0,0.278,0.88,0.0,1.0,5.05
480,2307.0,0.278,0.88,25.0,1.0,3.3
481,2307.0,0.278,0.88,50.0,1.0,1.8
482,2750.0,0.423,1.042,0.0,1.0,4.15
483,2750.0,0.423,1.042,25.0,1.0,2.73
484,2750.0,0.423,1.042,50.0,1.0,1.33
485,2750.0,0.423,1.042,0.0,0.2,1.1
486,2750.0,0.423,1.042,25.0,0.2,0.75
487,2750.0,0.423,1.042,50.0,0.2,0.4
488,2750.0,0.423,1.042,0.0,0.4,1.95
489,2750.0,0.423,1.042,25.0,0.4,1.3
490,2750.0,0.423,1.042,50.0,0.4,0.6
491,2750.0,0.423,1.042,0.0,0.6,2.75
492,2750.0,0.423,1.042,25.0,0.6,1.8
493,2750.0,0.423,1.042,50.0,0.6,0.9
494,2750.0,0.423,1.042,0.0,0.8,3.05
495,2750.0,0.423,1.042,25.0,0.8,2.25
496,2750.0,0.423,1.042,50.0,0.8,1.05
497,1770.0,0.03,0.7,25.0,0.0,0.0
498,1770.0,0.03,0.7,25.0,0.2,1.18
499,1770.0,0.03,0.7,25.0,0.4,2.0
500,1770.0,0.03,0.7,25.0,0.6,2.73
501,1770.0,0.03,0.7,25.0,0.8,3.1818
502,1770.0,0.03,0.7,25.0,1.0,3.8
503,1770.0,0.03,0.7,25.0,5.0,8.63
504,1770.0,0.03,0.7,25.0,10.0,10.2
505,1770.0,0.03,0.7,25.0,30.0,12.9
506,1770.0,0.03,0.7,25.0,20.0,11.8
507,1770.0,0.03,0.7,25.0,40.0,13.6
508,2430.0,0.14,0.91,25.0,0.2,0.87
509,2430.0,0.14,0.91,25.0,0.4,1.75
510,2430.0,0.14,0.91,25.0,0.6,2.5
511,2430.0,0.14,0.91,25.0,0.8,3.068
512,2430.0,0.14,0.91,25.0,1.0,3.63
513,2430.0,0.14,0.91,25.0,5.0,9.1
514,2430.0,0.14,0.91,25.0,10.0,13.6
515,2430.0,0.14,0.91,25.0,20.0,15.9
516,2430.0,0.14,0.91,25.0,30.0,18.8
517,2430.0,0.14,0.91,25.0,40.0,20.45
518,2455.0,0.13,0.96,25.0,0.2,0.85
519,2455.0,0.13,0.96,25.0,0.4,1.7
520,2455.0,0.13,0.96,25.0,0.6,2.45
521,2455.0,0.13,0.96,25.0,0.8,2.95
522,2455.0,0.13,0.96,25.0,1.0,3.52
523,2455.0,0.13,0.96,25.0,5.0,9.1
524,2455.0,0.13,0.96,25.0,10.0,13.6
525,2455.0,0.13,0.96,25.0,20.0,15.9
526,2455.0,0.13,0.96,25.0,30.0,18.8
527,2455.0,0.13,0.96,25.0,40.0,20.45
528,3125.0,0.4,1.05,25.0,0.2,0.68
529,3125.0,0.4,1.05,25.0,0.4,1.36
530,3125.0,0.4,1.05,25.0,0.6,1.93
531,3125.0,0.4,1.05,25.0,0.8,2.47
532,3125.0,0.4,1.05,25.0,1.0,2.95
533,3125.0,0.4,1.05,25.0,5.0,9.1
534,3125.0,0.4,1.05,25.0,10.0,14.3
535,3125.0,0.4,1.05,25.0,20.0,18.2
536,3125.0,0.4,1.05,25.0,30.0,23.8
537,3125.0,0.4,1.05,25.0,40.0,27.3
538,3575.0,0.61,1.22,25.0,0.2,0.64
539,3575.0,0.61,1.22,25.0,0.4,1.13
540,3575.0,0.61,1.22,25.0,0.6,1.7
541,3575.0,0.61,1.22,25.0,0.8,2.05
542,3575.0,0.61,1.22,25.0,1.0,2.61
543,3575.0,0.61,1.22,25.0,5.0,9.1
544,3575.0,0.61,1.22,25.0,10.0,14.3
545,3575.0,0.61,1.22,25.0,20.0,18.2
546,3575.0,0.61,1.22,25.0,30.0,27.3
547,3575.0,0.61,1.22,25.0,40.0,31.8
548,460.0,0.04,0.2,0.0,0.15,1.3
549,460.0,0.04,0.2,0.0,0.4,2.0
550,460.0,0.04,0.2,0.0,0.7,2.5
551,460.0,0.04,0.2,0.0,1.0,2.8
552,763.0,0.06,0.33,0.0,0.15,1.9
553,763.0,0.06,0.33,0.0,0.4,3.2
554,763.0,0.06,0.33,0.0,0.7,4.2
555,763.0,0.06,0.33,0.0,1.0,4.75
556,1160.0,0.08,0.52,0.0,0.15,2.4
557,1160.0,0.08,0.52,25.0,0.15,1.5
558,1160.0,0.08,0.52,50.0,0.15,0.8
559,1160.0,0.08,0.52,120.0,0.15,0.2
560,1160.0,0.08,0.52,0.0,1.0,6.3
561,1160.0,0.08,0.52,25.0,1.0,4.7
562,1160.0,0.08,0.52,50.0,1.0,3.1
563,1160.0,0.08,0.52,120.0,1.0,1.1
564,1160.0,0.08,0.52,0.0,0.5,4.7
565,1160.0,0.08,0.52,25.0,0.5,3.2
566,1160.0,0.08,0.52,50.0,0.5,1.9
567,1160.0,0.08,0.52,120.0,0.5,0.5
568,2130.0,0.32,0.78,0.0,0.15,2.0
569,2130.0,0.32,0.78,0.0,0.4,3.65
570,2130.0,0.32,0.78,0.0,0.7,5.5
571,2130.0,0.32,0.78,0.0,1.0,6.7
572,1479.0,0.16,0.67,25.0,5.0,9.0
573,1479.0,0.16,0.67,25.0,10.0,10.5
574,1479.0,0.16,0.67,25.0,15.0,11.5
575,1479.0,0.16,0.67,25.0,20.0,12.0
576,1479.0,0.16,0.67,0.0,5.0,10.0
577,1479.0,0.16,0.67,0.0,10.0,11.0
578,1479.0,0.16,0.67,0.0,15.0,12.0
579,1479.0,0.16,0.67,0.0,20.0,12.0
580,2102.0,0.23,0.95,25.0,5.0,10.0
581,2102.0,0.23,0.95,25.0,10.0,13.0
582,2102.0,0.23,0.95,25.0,15.0,14.5
583,2102.0,0.23,0.95,25.0,20.0,15.5
584,2102.0,0.23,0.95,0.0,5.0,13.8
585,2102.0,0.23,0.95,0.0,10.0,16.2
586,2102.0,0.23,0.95,0.0,15.0,17.0
587,2102.0,0.23,0.95,0.0,20.0,17.5
588,2925.0,0.38,1.18,25.0,5.0,9.0
589,2925.0,0.38,1.18,25.0,10.0,13.5
590,2925.0,0.38,1.18,25.0,15.0,17.5
591,2925.0,0.38,1.18,25.0,20.0,19.5
592,2925.0,0.38,1.18,0.0,5.0,13.8
593,2925.0,0.38,1.18,0.0,10.0,20.0
594,2925.0,0.38,1.18,0.0,15.0,22.0
595,2925.0,0.38,1.18,0.0,20.0,25.5
596,2676.0,1.52,0.36,25.0,5.0,8.0
597,2676.0,1.52,0.36,25.0,10.0,12.5
598,2676.0,1.52,0.36,25.0,15.0,15.0
599,2676.0,1.52,0.36,25.0,20.0,17.5
600,2676.0,1.52,0.36,0.0,5.0,11.0
601,2676.0,1.52,0.36,0.0,10.0,17.5
602,2676.0,1.52,0.36,0.0,15.0,23.5
603,2676.0,1.52,0.36,0.0,20.0,25.5
604,1080.0,0.08,0.09,0.0,1.0,1.265
605,1080.0,0.08,0.09,25.0,1.0,1.12
606,1080.0,0.08,0.09,50.0,1.0,0.7959999999999999
607,1120.0,0.26,0.17,0.0,1.0,3.755
608,1120.0,0.26,0.17,25.0,1.0,2.634
609,1120.0,0.26,0.17,50.0,1.0,1.743
610,1120.0,0.26,0.17,0.0,0.5,2.75
611,1120.0,0.26,0.17,25.0,0.5,1.9
612,1120.0,0.26,0.17,50.0,0.5,1.2
613,1163.0,0.13,0.1,0.0,1.0,1.054
614,1163.0,0.13,0.1,25.0,1.0,0.6609999999999999
615,1163.0,0.13,0.1,50.0,1.0,0.39299999999999996
616,1322.0,0.55,0.23,0.0,1.0,5.184
617,1322.0,0.55,0.23,25.0,1.0,3.4010000000000002
618,1322.0,0.55,0.23,50.0,1.0,2.293
619,1322.0,0.55,0.23,0.0,0.5,3.6
620,1322.0,0.55,0.23,25.0,0.5,2.3
621,1322.0,0.55,0.23,50.0,0.5,1.5
622,2510.0,0.5,0.55,0.0,1.0,5.229
623,2510.0,0.5,0.55,25.0,1.0,3.7119999999999997
624,2510.0,0.5,0.55,50.0,1.0,2.343
625,2510.0,0.5,0.55,50.0,0.5,1.6
626,2510.0,0.5,0.55,25.0,0.5,2.5
627,2510.0,0.5,0.55,0.0,0.5,3.6
628,1720.0,0.41,0.15,0.0,1.0,4.1819999999999995
629,1720.0,0.41,0.15,25.0,1.0,2.805
630,1720.0,0.41,0.15,50.0,1.0,1.976
631,2100.0,0.49,0.29,0.0,1.0,2.818
632,2100.0,0.49,0.29,25.0,1.0,2.1830000000000003
633,2100.0,0.49,0.29,50.0,1.0,1.72
634,2100.0,0.49,0.29,0.0,0.5,2.3
635,2100.0,0.49,0.29,25.0,0.5,1.75
636,2100.0,0.49,0.29,50.0,0.5,1.3
637,2698.0,10.073,0.22699999999999998,25.0,1.0,3.7
638,2698.0,10.073,0.22699999999999998,25.0,0.9,3.4
639,2698.0,10.073,0.22699999999999998,25.0,0.8,3.2
640,2698.0,10.073,0.22699999999999998,25.0,0.7,2.8
641,2698.0,10.073,0.22699999999999998,25.0,0.6,2.5
642,2698.0,10.073,0.22699999999999998,25.0,0.5,2.2
643,2698.0,10.073,0.22699999999999998,25.0,0.4,1.8
644,2698.0,10.073,0.22699999999999998,25.0,0.3,1.45
645,2698.0,10.073,0.22699999999999998,25.0,0.2,1.0
646,2698.0,10.073,0.22699999999999998,25.0,0.1,0.55
647,2698.0,10.073,0.22699999999999998,25.0,1.0,3.7
648,2698.0,10.073,0.22699999999999998,25.0,0.9,3.4
649,2698.0,10.073,0.22699999999999998,25.0,0.8,3.2
650,2698.0,10.073,0.22699999999999998,25.0,0.7,2.8
651,2698.0,10.073,0.22699999999999998,25.0,0.6,2.5
652,2698.0,10.073,0.22699999999999998,25.0,0.5,2.2
653,2698.0,10.073,0.22699999999999998,25.0,0.4,1.8
654,2698.0,10.073,0.22699999999999998,25.0,0.3,1.45
655,2698.0,10.073,0.22699999999999998,25.0,0.2,1.0
656,2698.0,10.073,0.22699999999999998,25.0,0.1,0.55
657,2772.0,9.88,0.12,25.0,1.0,1.9
658,2772.0,9.88,0.12,25.0,0.9,1.75
659,2772.0,9.88,0.12,25.0,0.8,1.6
660,2772.0,9.88,0.12,25.0,0.7,1.4
661,2772.0,9.88,0.12,25.0,0.6,1.2
662,2772.0,9.88,0.12,25.0,0.5,1.1
663,2772.0,9.88,0.12,25.0,0.4,0.85
664,2772.0,9.88,0.12,25.0,0.3,0.65
665,2772.0,9.88,0.12,25.0,0.2,0.45
666,2772.0,9.88,0.12,25.0,0.1,0.25
667,2560.0,4.059,0.251,25.0,1.0,2.5
668,2560.0,4.059,0.251,25.0,0.9,2.25
669,2560.0,4.059,0.251,25.0,0.8,2.1
670,2560.0,4.059,0.251,25.0,0.7,1.8
671,2560.0,4.059,0.251,25.0,0.6,1.6
672,2560.0,4.059,0.251,25.0,0.5,1.4
673,2560.0,4.059,0.251,25.0,0.4,1.15
674,2560.0,4.059,0.251,25.0,0.3,0.9
675,2560.0,4.059,0.251,25.0,0.2,0.6
676,2560.0,4.059,0.251,25.0,0.1,0.35
677,1948.0,0.9309999999999999,0.209,25.0,1.0,2.6
678,1948.0,0.9309999999999999,0.209,25.0,0.9,2.45
679,1948.0,0.9309999999999999,0.209,25.0,0.8,2.2
680,1948.0,0.9309999999999999,0.209,25.0,0.7,2.0
681,1948.0,0.9309999999999999,0.209,25.0,0.6,1.75
682,1948.0,0.9309999999999999,0.209,25.0,0.5,1.6
683,1948.0,0.9309999999999999,0.209,25.0,0.4,1.3
684,1948.0,0.9309999999999999,0.209,25.0,0.3,1.1
685,1948.0,0.9309999999999999,0.209,25.0,0.2,0.75
686,1948.0,0.9309999999999999,0.209,25.0,0.1,0.5
687,1477.0,4.736000000000001,0.013999999999999999,25.0,1.0,1.6
688,1477.0,4.736000000000001,0.013999999999999999,25.0,0.9,1.4
689,1477.0,4.736000000000001,0.013999999999999999,25.0,0.8,1.3
690,1477.0,4.736000000000001,0.013999999999999999,25.0,0.7,1.15
691,1477.0,4.736000000000001,0.013999999999999999,25.0,0.6,0.95
692,1477.0,4.736000000000001,0.013999999999999999,25.0,0.5,0.8
693,1477.0,4.736000000000001,0.013999999999999999,25.0,0.4,0.7
694,1477.0,4.736000000000001,0.013999999999999999,25.0,0.3,0.555
695,1477.0,4.736000000000001,0.013999999999999999,25.0,0.2,0.4
696,1477.0,4.736000000000001,0.013999999999999999,25.0,0.1,0.2
697,2560.0,4.059,0.251,25.0,1.0,2.5
698,2560.0,4.059,0.251,25.0,0.9,2.25
699,2560.0,4.059,0.251,25.0,0.8,2.1
700,2560.0,4.059,0.251,25.0,0.7,1.8
701,2560.0,4.059,0.251,25.0,0.6,1.6
702,2560.0,4.059,0.251,25.0,0.5,1.4
703,2560.0,4.059,0.251,25.0,0.4,1.15
704,2560.0,4.059,0.251,25.0,0.3,0.9
705,2560.0,4.059,0.251,25.0,0.2,0.6
706,2560.0,4.059,0.251,25.0,0.1,0.35
707,1948.0,0.9309999999999999,0.209,25.0,1.0,2.6
708,1948.0,0.9309999999999999,0.209,25.0,0.9,2.45
709,1948.0,0.9309999999999999,0.209,25.0,0.8,2.2
710,1948.0,0.9309999999999999,0.209,25.0,0.7,2.0
711,1948.0,0.9309999999999999,0.209,25.0,0.6,1.75
712,1948.0,0.9309999999999999,0.209,25.0,0.5,1.6
713,1948.0,0.9309999999999999,0.209,25.0,0.4,1.3
714,1948.0,0.9309999999999999,0.209,25.0,0.3,1.1
715,1948.0,0.9309999999999999,0.209,25.0,0.2,0.75
716,1948.0,0.9309999999999999,0.209,25.0,0.1,0.5
717,1477.0,4.736000000000001,0.013999999999999999,25.0,1.0,1.6
718,1477.0,4.736000000000001,0.013999999999999999,25.0,0.9,1.4
719,1477.0,4.736000000000001,0.013999999999999999,25.0,0.8,1.3
720,1477.0,4.736000000000001,0.013999999999999999,25.0,0.7,1.15
721,1477.0,4.736000000000001,0.013999999999999999,25.0,0.6,0.95
722,1477.0,4.736000000000001,0.013999999999999999,25.0,0.5,0.8
723,1477.0,4.736000000000001,0.013999999999999999,25.0,0.4,0.7
724,1477.0,4.736000000000001,0.013999999999999999,25.0,0.3,0.555
725,1477.0,4.736000000000001,0.013999999999999999,25.0,0.2,0.4
726,1477.0,4.736000000000001,0.013999999999999999,25.0,0.1,0.2
727,1260.0,2.271,0.139,25.0,20.0,10.0
728,1260.0,2.271,0.139,25.0,10.0,7.0
729,1260.0,2.271,0.139,25.0,6.0,5.0
730,1260.0,2.271,0.139,25.0,4.0,4.2
731,1260.0,2.271,0.139,25.0,2.0,2.2
732,1260.0,2.271,0.139,50.0,29.0,9.0
733,1260.0,2.271,0.139,50.0,15.0,7.0
734,1260.0,2.271,0.139,50.0,10.0,5.2
735,1260.0,2.271,0.139,50.0,6.0,3.8
736,1260.0,2.271,0.139,50.0,4.0,2.8
737,1260.0,2.271,0.139,50.0,2.0,1.6
738,1828.0,0.455,0.495,25.0,20.0,14.2
739,1828.0,0.455,0.495,25.0,10.0,10.5
740,1828.0,0.455,0.495,25.0,6.0,8.5
741,1828.0,0.455,0.495,25.0,4.0,6.5
742,1828.0,0.455,0.495,25.0,2.0,4.0
743,1900.0,0.45299999999999996,0.547,25.0,20.0,15.5
744,1900.0,0.45299999999999996,0.547,25.0,10.0,11.2
745,1900.0,0.45299999999999996,0.547,25.0,6.0,9.0
746,1900.0,0.45299999999999996,0.547,25.0,4.0,6.6
747,1900.0,0.45299999999999996,0.547,25.0,2.0,4.05
748,1900.0,0.45299999999999996,0.547,50.0,20.0,11.0
749,1900.0,0.45299999999999996,0.547,50.0,10.0,8.0
750,1900.0,0.45299999999999996,0.547,50.0,6.0,6.75
751,1900.0,0.45299999999999996,0.547,50.0,4.0,5.5
752,1900.0,0.45299999999999996,0.547,50.0,2.0,3.75
753,2517.0,4.919,0.611,50.0,20.0,14.7
754,2517.0,4.919,0.611,50.0,12.0,10.5
755,2517.0,4.919,0.611,50.0,10.0,8.9
756,2517.0,4.919,0.611,50.0,6.0,6.0
757,2517.0,4.919,0.611,50.0,4.0,5.0
758,2517.0,4.919,0.611,50.0,2.0,3.0
759,2517.0,4.919,0.611,25.0,20.0,19.5
760,2517.0,4.919,0.611,25.0,16.0,17.0
761,2517.0,4.919,0.611,25.0,12.0,14.6
762,2517.0,4.919,0.611,25.0,10.0,13.2
763,2517.0,4.919,0.611,25.0,8.0,11.8
764,2517.0,4.919,0.611,25.0,6.0,10.2
765,2517.0,4.919,0.611,25.0,4.0,8.1
766,2517.0,4.919,0.611,25.0,2.0,4.9
767,2495.0,4.834,0.5760000000000001,25.0,20.0,19.2
768,2495.0,4.834,0.5760000000000001,25.0,18.0,18.0
769,2495.0,4.834,0.5760000000000001,25.0,16.0,16.8
770,2495.0,4.834,0.5760000000000001,25.0,12.0,14.2
771,2495.0,4.834,0.5760000000000001,25.0,10.0,13.0
772,2495.0,4.834,0.5760000000000001,25.0,8.0,11.6
773,2495.0,4.834,0.5760000000000001,25.0,6.0,10.2
774,2495.0,4.834,0.5760000000000001,25.0,4.0,8.1
775,2495.0,4.834,0.5760000000000001,25.0,2.0,4.9
776,2462.0,3.2689999999999997,0.521,50.0,20.0,14.25
777,2462.0,3.2689999999999997,0.521,50.0,12.0,10.5
778,2462.0,3.2689999999999997,0.521,50.0,10.0,8.9
779,2462.0,3.2689999999999997,0.521,50.0,6.0,6.0
780,637.0,0.09699999999999999,0.25,0.0,30.0,8.0
781,637.0,0.09699999999999999,0.25,0.0,29.0,7.5
782,637.0,0.09699999999999999,0.25,0.0,28.0,7.4
783,637.0,0.09699999999999999,0.25,0.0,27.0,7.2
784,637.0,0.09699999999999999,0.25,0.0,26.0,7.0
785,637.0,0.09699999999999999,0.25,0.0,25.0,6.8
786,637.0,0.09699999999999999,0.25,0.0,24.0,6.63
787,637.0,0.09699999999999999,0.25,0.0,23.0,6.5
788,637.0,0.09699999999999999,0.25,0.0,22.0,6.4
789,637.0,0.09699999999999999,0.25,0.0,21.0,6.3
790,637.0,0.09699999999999999,0.25,0.0,20.0,6.2
791,637.0,0.09699999999999999,0.25,0.0,19.0,6.17
792,637.0,0.09699999999999999,0.25,0.0,18.0,6.14
793,637.0,0.09699999999999999,0.25,0.0,17.0,6.1
794,637.0,0.09699999999999999,0.25,0.0,16.0,6.05
795,637.0,0.09699999999999999,0.25,0.0,15.0,6.0
796,637.0,0.09699999999999999,0.25,0.0,14.0,5.96
797,637.0,0.09699999999999999,0.25,0.0,13.0,5.94
798,637.0,0.09699999999999999,0.25,0.0,12.0,5.9
799,637.0,0.09699999999999999,0.25,0.0,11.0,5.85
800,637.0,0.09699999999999999,0.25,0.0,10.0,5.8
801,637.0,0.09699999999999999,0.25,0.0,9.0,5.78
802,637.0,0.09699999999999999,0.25,0.0,8.0,5.76
803,637.0,0.09699999999999999,0.25,0.0,7.0,5.74
804,637.0,0.09699999999999999,0.25,0.0,6.0,5.72
805,637.0,0.09699999999999999,0.25,0.0,5.0,5.7
806,637.0,0.09699999999999999,0.25,0.0,4.0,5.2
807,637.0,0.09699999999999999,0.25,0.0,3.0,5.0
808,637.0,0.09699999999999999,0.25,0.0,2.0,4.5
809,1122.0,0.092,0.5,0.0,30.0,15.5
810,1122.0,0.092,0.5,0.0,29.0,15.1
811,1122.0,0.092,0.5,0.0,28.0,14.6
812,1122.0,0.092,0.5,0.0,27.0,14.2
813,1122.0,0.092,0.5,0.0,26.0,13.7
814,1122.0,0.092,0.5,0.0,25.0,13.2
815,1122.0,0.092,0.5,0.0,24.0,13.0
816,1122.0,0.092,0.5,0.0,23.0,12.8
817,1122.0,0.092,0.5,0.0,22.0,12.6
818,1122.0,0.092,0.5,0.0,21.0,12.4
819,1122.0,0.092,0.5,0.0,20.0,12.2
820,1122.0,0.092,0.5,0.0,19.0,12.18
821,1122.0,0.092,0.5,0.0,18.0,12.16
822,1122.0,0.092,0.5,0.0,17.0,12.14
823,1122.0,0.092,0.5,0.0,16.0,12.12
824,1122.0,0.092,0.5,0.0,15.0,12.0
825,1122.0,0.092,0.5,0.0,14.0,11.9
826,1122.0,0.092,0.5,0.0,13.0,11.7
827,1122.0,0.092,0.5,0.0,12.0,11.5
828,1122.0,0.092,0.5,0.0,11.0,11.3
829,1122.0,0.092,0.5,0.0,10.0,11.2
830,1122.0,0.092,0.5,0.0,9.0,11.0
831,1122.0,0.092,0.5,0.0,8.0,10.8
832,1122.0,0.092,0.5,0.0,7.0,10.6
833,1122.0,0.092,0.5,0.0,6.0,10.4
834,1122.0,0.092,0.5,0.0,5.0,10.2
835,1122.0,0.092,0.5,0.0,4.0,9.8
836,1122.0,0.092,0.5,0.0,3.0,9.2
837,1122.0,0.092,0.5,0.0,2.0,8.5
838,849.0,0.192,0.31,0.0,30.0,10.3
839,849.0,0.192,0.31,0.0,29.0,10.0
840,849.0,0.192,0.31,0.0,28.0,9.7
841,849.0,0.192,0.31,0.0,27.0,9.4
842,849.0,0.192,0.31,0.0,26.0,9.2
843,849.0,0.192,0.31,0.0,25.0,9.0
844,849.0,0.192,0.31,0.0,24.0,8.9
845,849.0,0.192,0.31,0.0,23.0,8.8
846,849.0,0.192,0.31,0.0,22.0,8.7
847,849.0,0.192,0.31,0.0,21.0,8.6
848,849.0,0.192,0.31,0.0,20.0,8.5
849,849.0,0.192,0.31,0.0,19.0,8.4
850,849.0,0.192,0.31,0.0,18.0,8.3
851,849.0,0.192,0.31,0.0,17.0,8.2
852,849.0,0.192,0.31,0.0,16.0,8.1
853,849.0,0.192,0.31,0.0,15.0,8.0
854,849.0,0.192,0.31,0.0,14.0,7.9
855,849.0,0.192,0.31,0.0,13.0,7.7
856,849.0,0.192,0.31,0.0,12.0,7.5
857,849.0,0.192,0.31,0.0,11.0,7.4
858,849.0,0.192,0.31,0.0,10.0,7.2
859,849.0,0.192,0.31,0.0,9.0,7.1
860,849.0,0.192,0.31,0.0,8.0,7.0
861,849.0,0.192,0.31,0.0,7.0,6.9
862,849.0,0.192,0.31,0.0,6.0,6.7
863,849.0,0.192,0.31,0.0,5.0,6.5
864,849.0,0.192,0.31,0.0,4.0,6.2
865,849.0,0.192,0.31,0.0,3.0,5.8
866,849.0,0.192,0.31,0.0,2.0,5.0
867,1330.0,0.02,0.51,25.0,0.6,3.1
868,1330.0,0.02,0.51,25.0,0.7,3.42
869,1330.0,0.02,0.51,25.0,0.8,3.65
870,1330.0,0.02,0.51,25.0,0.9,4.0
871,1330.0,0.02,0.51,25.0,1.0,4.2
872,1690.0,0.05,0.67,25.0,0.1,0.8
873,1690.0,0.05,0.67,25.0,0.15,1.1
874,1690.0,0.05,0.67,25.0,0.2,1.4
875,1690.0,0.05,0.67,25.0,0.3,1.8
876,1690.0,0.05,0.67,25.0,0.4,2.25
877,1690.0,0.05,0.67,25.0,0.5,2.7
878,1690.0,0.05,0.67,25.0,0.6,3.1
879,1690.0,0.05,0.67,25.0,0.7,3.42
880,1690.0,0.05,0.67,25.0,0.8,3.75
881,1690.0,0.05,0.67,25.0,0.9,4.15
882,1690.0,0.05,0.67,25.0,1.0,4.5
883,1690.0,0.05,0.67,25.0,5.0,8.0
884,1690.0,0.05,0.67,25.0,10.0,11.0
885,1690.0,0.05,0.67,25.0,15.0,12.0
886,1690.0,0.05,0.67,25.0,20.0,12.5
887,1690.0,0.05,0.67,25.0,25.0,13.7
888,1690.0,0.05,0.67,25.0,30.0,14.3
889,1690.0,0.05,0.67,25.0,35.0,14.7
890,1690.0,0.05,0.67,25.0,40.0,15.0
891,1690.0,0.05,0.67,25.0,45.0,15.2
892,1690.0,0.05,0.67,25.0,50.0,15.4
893,670.0,0.26,0.2,0.0,0.1,1.175
894,670.0,0.26,0.2,0.0,0.2,1.68
895,670.0,0.26,0.2,0.0,0.4,2.3
896,670.0,0.26,0.2,0.0,0.5,2.65
897,670.0,0.26,0.2,0.0,0.7,2.85
898,670.0,0.26,0.2,0.0,0.8,3.2
899,670.0,0.26,0.2,0.0,1.0,3.3
900,670.0,0.26,0.2,25.0,0.1,0.68
901,670.0,0.26,0.2,25.0,0.2,1.05
902,670.0,0.26,0.2,25.0,0.4,1.7
903,670.0,0.26,0.2,25.0,0.5,2.0
904,670.0,0.26,0.2,25.0,0.7,2.125
905,670.0,0.26,0.2,25.0,0.8,2.375
906,670.0,0.26,0.2,25.0,1.0,2.55
907,1281.0,0.12,0.45,25.0,0.15,1.3
908,1281.0,0.12,0.45,25.0,1.0,4.5
909,1281.0,0.12,0.45,25.0,20.0,10.3
910,1281.0,0.12,0.45,25.0,5.0,7.8
911,1281.0,0.12,0.45,25.0,10.0,9.2
912,1281.0,0.12,0.45,25.0,15.0,9.9
913,1281.0,0.12,0.45,25.0,0.2,1.5
914,1281.0,0.12,0.45,25.0,0.4,2.5
915,1281.0,0.12,0.45,25.0,0.6,3.3
916,1281.0,0.12,0.45,25.0,0.8,3.9
917,1281.0,0.12,0.45,0.0,5.0,9.8
918,1281.0,0.12,0.45,0.0,10.0,10.2
919,1281.0,0.12,0.45,0.0,15.0,10.4
920,1281.0,0.12,0.45,0.0,20.0,10.6
921,1281.0,0.12,0.45,0.0,0.2,2.8
922,1281.0,0.12,0.45,0.0,0.4,4.1
923,1281.0,0.12,0.45,0.0,0.6,5.0
924,1281.0,0.12,0.45,0.0,0.8,6.0
925,1281.0,0.12,0.45,0.0,1.0,6.3
926,1202.0,0.16,0.49,25.0,0.15,1.3
927,1202.0,0.16,0.49,25.0,1.0,4.4
928,1202.0,0.16,0.49,25.0,20.0,9.7
929,1202.0,0.16,0.49,25.0,5.0,7.5
930,1202.0,0.16,0.49,25.0,10.0,8.7
931,1202.0,0.16,0.49,25.0,15.0,9.1
932,1202.0,0.16,0.49,25.0,0.2,1.6
933,1202.0,0.16,0.49,25.0,0.4,2.5
934,1202.0,0.16,0.49,25.0,0.6,3.3
935,1202.0,0.16,0.49,25.0,0.8,3.8
936,1202.0,0.16,0.49,0.0,5.0,8.5
937,1202.0,0.16,0.49,0.0,10.0,9.8
938,1202.0,0.16,0.49,0.0,15.0,10.4
939,1202.0,0.16,0.49,0.0,20.0,10.4
940,1202.0,0.16,0.49,0.0,0.2,2.8
941,1202.0,0.16,0.49,0.0,0.4,4.0
942,1202.0,0.16,0.49,0.0,0.6,4.8
943,1202.0,0.16,0.49,0.0,0.8,5.7
944,1202.0,0.16,0.49,0.0,1.0,6.0
945,1575.0,0.1,0.7,25.0,0.15,1.3
946,1575.0,0.1,0.7,25.0,1.0,4.6
947,1575.0,0.1,0.7,25.0,20.0,12.3
948,1575.0,0.1,0.7,25.0,5.0,8.9
949,1575.0,0.1,0.7,25.0,10.0,11.0
950,1575.0,0.1,0.7,25.0,15.0,11.5
951,1575.0,0.1,0.7,25.0,0.2,1.48
952,1575.0,0.1,0.7,25.0,0.4,2.4
953,1575.0,0.1,0.7,25.0,0.6,3.2
954,1575.0,0.1,0.7,25.0,0.8,4.0
955,1575.0,0.1,0.7,0.0,5.0,11.8
956,1575.0,0.1,0.7,0.0,10.0,12.5
957,1575.0,0.1,0.7,0.0,15.0,12.8
958,1575.0,0.1,0.7,0.0,20.0,13.0
959,1575.0,0.1,0.7,0.0,0.2,2.6
960,1575.0,0.1,0.7,0.0,0.4,4.1
961,1575.0,0.1,0.7,0.0,0.6,5.5
962,1575.0,0.1,0.7,0.0,0.8,6.2
963,1575.0,0.1,0.7,0.0,1.0,7.15
964,1557.0,0.22,0.53,25.0,0.15,1.3
965,1557.0,0.22,0.53,25.0,1.0,4.6
966,1557.0,0.22,0.53,25.0,20.0,12.1
967,1557.0,0.22,0.53,25.0,5.0,9.1
968,1557.0,0.22,0.53,25.0,10.0,11.0
969,1557.0,0.22,0.53,25.0,15.0,11.5
970,1557.0,0.22,0.53,25.0,0.2,1.5
971,1557.0,0.22,0.53,25.0,0.4,2.5
972,1557.0,0.22,0.53,25.0,0.6,3.3
973,1557.0,0.22,0.53,25.0,0.8,4.02
974,1557.0,0.22,0.53,0.0,5.0,11.8
975,1557.0,0.22,0.53,0.0,10.0,12.5
976,1557.0,0.22,0.53,0.0,15.0,12.7
977,1557.0,0.22,0.53,0.0,20.0,12.9
978,1557.0,0.22,0.53,0.0,0.2,3.0
979,1557.0,0.22,0.53,0.0,0.4,4.5
980,1557.0,0.22,0.53,0.0,0.6,5.6
981,1557.0,0.22,0.53,0.0,0.8,6.3
982,1557.0,0.22,0.53,0.0,1.0,7.15
983,2274.0,0.3,0.9,25.0,0.15,0.8
984,2274.0,0.3,0.9,25.0,1.0,3.6
985,2274.0,0.3,0.9,25.0,20.0,17.5
986,2274.0,0.3,0.9,25.0,5.0,9.8
987,2274.0,0.3,0.9,25.0,10.0,13.5
988,2274.0,0.3,0.9,25.0,15.0,15.1
989,2274.0,0.3,0.9,25.0,0.2,1.0
990,2274.0,0.3,0.9,25.0,0.4,1.75
991,2274.0,0.3,0.9,25.0,0.6,2.5
992,2274.0,0.3,0.9,25.0,0.8,3.0
993,2274.0,0.3,0.9,0.0,5.0,13.5
994,2274.0,0.3,0.9,0.0,10.0,18.0
995,2274.0,0.3,0.9,0.0,15.0,20.5
996,2274.0,0.3,0.9,0.0,20.0,22.0
997,2274.0,0.3,0.9,0.0,0.2,1.9
998,2274.0,0.3,0.9,0.0,0.4,3.0
999,2274.0,0.3,0.9,0.0,0.6,5.1
1000,2274.0,0.3,0.9,0.0,0.8,5.0
1001,2377.0,0.7,0.7,25.0,0.15,0.8
1002,2377.0,0.7,0.7,25.0,1.0,3.6
1003,2377.0,0.7,0.7,25.0,20.0,18.1
1004,2377.0,0.7,0.7,25.0,5.0,9.82
1005,2377.0,0.7,0.7,25.0,10.0,13.6
1006,2377.0,0.7,0.7,25.0,15.0,16.0
1007,2377.0,0.7,0.7,25.0,0.2,1.0
1008,2377.0,0.7,0.7,25.0,0.4,1.75
1009,2377.0,0.7,0.7,25.0,0.6,2.5
1010,2377.0,0.7,0.7,25.0,0.8,3.0
1011,2377.0,0.7,0.7,0.0,5.0,14.0
1012,2377.0,0.7,0.7,0.0,10.0,19.0
1013,2377.0,0.7,0.7,0.0,15.0,22.0
1014,2377.0,0.7,0.7,0.0,20.0,24.0
1015,2377.0,0.7,0.7,0.0,0.2,2.0
1016,2377.0,0.7,0.7,0.0,0.4,3.2
1017,2377.0,0.7,0.7,0.0,0.6,4.2
1018,2377.0,0.7,0.7,0.0,0.8,5.2
1019,2980.0,1.8,0.3,25.0,0.15,0.5
1020,2980.0,1.8,0.3,25.0,1.0,2.7
1021,2980.0,1.8,0.3,25.0,20.0,21.8
1022,2783.0,1.44,0.36,25.0,0.15,0.6
1023,2783.0,1.44,0.36,25.0,1.0,3.0
1024,2783.0,1.44,0.36,25.0,20.0,21.7
1025,1511.0,0.11,0.54,25.0,0.15,1.2
1026,1511.0,0.11,0.54,25.0,1.0,4.3
1027,1511.0,0.11,0.54,25.0,20.0,12.0
1028,1511.0,0.11,0.54,25.0,5.0,8.75
1029,1511.0,0.11,0.54,25.0,10.0,10.5
1030,1511.0,0.11,0.54,25.0,15.0,11.0
1031,1830.0,0.11,0.67,25.0,0.15,1.1
1032,1830.0,0.11,0.67,25.0,1.0,4.9
1033,1830.0,0.11,0.67,25.0,20.0,14.0
1034,1830.0,0.11,0.67,25.0,5.0,10.2
1035,1830.0,0.11,0.67,25.0,10.0,12.0
1036,1830.0,0.11,0.67,25.0,15.0,12.5
1037,2163.0,0.19,0.74,25.0,0.15,1.1
1038,2163.0,0.19,0.74,25.0,1.0,4.7
1039,2163.0,0.19,0.74,25.0,20.0,16.8
1040,2163.0,0.19,0.74,25.0,5.0,11.0
1041,2163.0,0.19,0.74,25.0,10.0,14.0
1042,2163.0,0.19,0.74,25.0,15.0,15.5
1043,2610.0,0.41,0.74,25.0,0.15,0.9
1044,2610.0,0.41,0.74,25.0,1.0,4.0
1045,2610.0,0.41,0.74,25.0,20.0,19.7
1046,2610.0,0.41,0.74,25.0,5.0,11.0
1047,2610.0,0.41,0.74,25.0,10.0,15.1
1048,2610.0,0.41,0.74,25.0,15.0,17.5
1049,346.0,0.46,0.05,25.0,5.0,1.36
1050,390.0,0.55,0.05,25.0,5.0,2.02
1051,451.0,0.61,0.06,25.0,5.0,2.25
1052,625.0,0.43,0.14,25.0,5.0,2.79
1053,1327.0,0.26,0.35,25.0,5.0,5.46
1054,55.0,0.16,0.0,25.0,5.0,0.32
